{"cameraMode":{"drawMode":0,"name":"Shaded","section":"Shading Mode"},"sceneLighting":false,"audioPlay":false,"sceneViewState":{"m_AlwaysRefresh":false,"showFog":true,"showSkybox":false,"showFlares":true,"showImageEffects":true,"showParticleSystems":true,"showVisualEffectGraphs":true,"m_FxEnabled":true},"in2DMode":false,"pivot":{"x":25.31966781616211,"y":0.050725579261779788,"z":4.273180961608887},"rotation":{"x":-0.10806293785572052,"y":-0.43208324909210207,"z":0.05223174765706062,"w":-0.893853485584259},"size":2.703104019165039,"orthographic":false}