{"cameraMode":{"drawMode":0,"name":"Shaded","section":"Shading Mode"},"sceneLighting":false,"audioPlay":false,"sceneViewState":{"m_AlwaysRefresh":false,"showFog":true,"showSkybox":false,"showFlares":true,"showImageEffects":true,"showParticleSystems":true,"showVisualEffectGraphs":true,"m_FxEnabled":true},"in2DMode":false,"pivot":{"x":7.3133955001831059,"y":2.7617688179016115,"z":-3.2173197269439699},"rotation":{"x":-0.22425180673599244,"y":0.24178031086921693,"z":-0.05786973610520363,"w":-0.9423561692237854},"size":0.2916964590549469,"orthographic":false}