{"cameraMode":{"drawMode":0,"name":"Shaded","section":"Shading Mode"},"sceneLighting":false,"audioPlay":false,"sceneViewState":{"m_AlwaysRefresh":false,"showFog":true,"showSkybox":false,"showFlares":true,"showImageEffects":true,"showParticleSystems":true,"showVisualEffectGraphs":true,"m_FxEnabled":true},"in2DMode":false,"pivot":{"x":15.463666915893555,"y":1.2023414373397828,"z":0.9490641355514526},"rotation":{"x":0.4788390100002289,"y":-0.3374166488647461,"z":0.20612891018390656,"w":0.7838212847709656},"size":0.2667268216609955,"orthographic":false}